sku;qty;color_id;size_id;price
111013;8;21;14;0
111013;6;21;7;0
111013;7;21;3;0
121013;6;21;4;0
121013;6;21;5;0
121013;6;21;15;0
131013;0;2;8;0
131013;0;2;7;0
131013;0;2;14;0
131013;2;8;8;0
131013;0;8;7;0
131013;0;8;14;0
131013;24;37;8;0
131013;21;37;7;0
131013;20;37;14;0
141013;4;102;7;0
141013;0;102;14;0
141013;3;102;3;0
141013;0;102;7;0
141013;0;102;14;0
141013;0;102;3;0
141013;2;31;7;0
141013;1;31;14;0
141013;1;31;3;0
540119;10;25;6;0
540119;11;25;1;0
540119;9;25;2;0
580116;22;8;15;0
580116;19;8;16;0
580116;20;8;17;0
580116;15;8;6;0
580116;36;12;15;0
580116;33;12;16;0
580116;34;12;17;0
580116;22;12;6;0
580116;0;37;15;0
580116;0;37;16;0
580116;0;37;17;0
580116;0;37;6;0
590116;18;38;4;0
590116;17;38;7;0
590116;18;38;14;0
590116;16;38;3;0
600116;0;2;5;0
600116;0;2;15;0
600116;0;2;16;0
600116;0;2;17;0
600116;0;18;5;0
600116;0;18;15;0
600116;0;18;16;0
600116;0;18;17;0
600116;0;28;5;0
600116;0;28;15;0
600116;0;28;16;0
600116;0;28;17;0
600116;20;38;5;0
600116;19;38;15;0
600116;19;38;16;0
600116;21;38;17;0
660112;8;26;16;0
660112;8;26;17;0
660112;9;26;15;0
670112;26;26;1;0
670112;26;26;2;0
670112;26;26;6;0
720119;0;3;3;0
720119;0;3;4;0
720119;0;3;5;0
720119;0;2;3;0
720119;0;2;4;0
720119;0;2;5;0
720119;0;31;3;0
720119;0;31;4;0
720119;0;31;5;0
720119;0;32;3;0
720119;0;32;4;0
720119;0;32;5;0
720119;0;28;3;0
720119;0;28;4;0
720119;0;28;5;0
720119;1;13;3;0
720119;0;13;4;0
720119;0;13;5;0
720119;2;5;3;0
720119;0;5;4;0
720119;0;5;5;0
720119;1;35;3;0
720119;0;35;4;0
720119;0;35;5;0
720119;0;62;3;0
720119;0;62;4;0
720119;0;62;5;0
720119;2;6;3;0
720119;7;6;4;0
720119;5;6;5;0
720119;0;17;3;0
720119;0;17;4;0
720119;0;17;5;0
720119;0;20;3;0
720119;0;20;4;0
720119;0;20;5;0
720119;0;38;3;0
720119;0;38;4;0
720119;0;38;5;0
730119;0;3;15;0
730119;0;3;16;0
730119;0;3;17;0
730119;0;2;15;0
730119;0;2;16;0
730119;0;2;17;0
730119;0;31;15;0
730119;0;31;16;0
730119;0;31;17;0
730119;0;32;15;0
730119;0;32;16;0
730119;0;32;17;0
730119;0;28;15;0
730119;0;28;16;0
730119;0;28;17;0
730119;0;13;15;0
730119;0;13;16;0
730119;0;13;17;0
730119;0;5;15;0
730119;2;5;16;0
730119;0;5;17;0
730119;0;35;15;0
730119;0;35;16;0
730119;0;35;17;0
730119;0;62;15;0
730119;0;62;16;0
730119;0;62;17;0
730119;7;6;15;0
730119;12;6;16;0
730119;9;6;17;0
730119;0;17;15;0
730119;0;17;16;0
730119;1;17;17;0
730119;1;20;15;0
730119;2;20;16;0
730119;0;20;17;0
730119;1;38;15;0
730119;0;38;16;0
730119;0;38;17;0
750128;0;26;3;0
750128;0;26;4;0
750128;14;26;5;0
750128;1;25;3;0
750128;0;25;4;0
750128;0;25;5;0
800128;6;25;8;0
800128;7;25;7;0
800128;7;25;14;0
800128;8;25;3;0
810128;3;12;8;0
810128;3;12;7;0
810128;6;12;14;0
810128;6;12;3;0
850119;0;85;5;0
850119;1;85;15;0
850119;0;85;16;0
850119;0;85;17;0
850119;0;100;5;0
850119;0;100;15;0
850119;0;100;16;0
850119;0;100;17;0
850119;33;14;5;0
850119;35;14;15;0
850119;35;14;16;0
850119;36;14;17;0
850119;0;25;5;0
850119;0;25;15;0
850119;0;25;16;0
850119;0;25;17;0
22409;24;31;8;0
22409;25;31;7;0
22409;24;31;14;0
22409;16;37;8;0
22409;14;37;7;0
22409;14;37;14;0
12;6;26;15;0
12;6;26;16;0
12;5;26;17;0
12;7;26;15;0
12;7;26;16;0
12;7;26;17;0
12;6;26;15;0
12;7;26;16;0
12;7;26;17;0
12;6;26;6;0
12;6;26;1;0
12;6;26;2;0
12;4;26;6;0
12;4;26;1;0
12;4;26;2;0
12;3;26;6;0
12;3;26;1;0
12;3;26;2;0
1521213;1;26;7;0
1521213;0;26;8;0
1521213;0;26;14;0
1521213;13;13;7;0
1521213;9;13;8;0
1521213;14;13;14;0
1611225;4;26;8;0
1611225;3;26;7;0
1611225;5;26;14;0
1611225;0;32;8;0
1611225;0;32;7;0
1611225;0;32;14;0
1611225;5;32;8;0
1611225;8;32;7;0
1611225;1;32;14;0
1951213;19;12;8;0
1951213;22;12;7;0
1951213;19;12;14;0
1951213;5;13;8;0
1951213;2;13;7;0
1951213;1;13;14;0
1961213;0;2;8;0
1961213;0;2;7;0
1961213;0;2;14;0
1961213;25;12;8;0
1961213;25;12;7;0
1961213;23;12;14;0
1971213;17;18;8;0
1971213;20;18;7;0
1971213;19;18;14;0
1971213;1;12;8;0
1971213;0;12;7;0
1971213;0;12;14;0
1981213;1;2;4;0
1981213;2;2;5;0
1981213;4;2;3;0
1981213;3;35;4;0
1981213;0;35;5;0
1981213;1;35;3;0
2001213;4;1;4;0
2001213;4;1;5;0
2001213;7;1;3;0
2001213;0;35;4;0
2001213;0;35;5;0
2001213;1;35;3;0
2041213;9;8;15;0
2041213;7;8;16;0
2041213;9;8;17;0
2041213;0;37;15;0
2041213;0;37;16;0
2041213;0;37;17;0
2051213;31;2;15;0
2051213;27;2;16;0
2051213;31;2;17;0
2051213;38;12;15;0
2051213;41;12;16;0
2051213;40;12;17;0
2131211;1;3;6;0
2131211;2;3;1;0
2131211;0;3;2;0
2131211;8;25;6;0
2131211;4;25;1;0
2131211;11;25;2;0
2231211;7;25;15;0
2231211;0;25;16;0
2231211;2;25;17;0
2381211;4;3;3;0
2381211;0;3;4;0
2381211;1;3;5;0
2381211;0;25;3;0
2381211;0;25;4;0
2381211;4;25;5;0
2411211;3;3;15;0
2411211;8;3;16;0
2411211;5;3;17;0
2411211;0;37;15;0
2411211;0;37;16;0
2411211;0;37;17;0
2431211;48;3;6;0
2431211;48;3;1;0
2431211;50;3;2;0
2441212;2;13;6;0
2441212;0;13;1;0
2441212;7;13;2;0
2441212;1;35;6;0
2441212;0;35;1;0
2441212;0;35;2;0
2461213;26;13;15;0
2461213;21;13;16;0
2461213;21;13;17;0
2461213;19;7;15;0
2461213;18;7;16;0
2461213;18;7;17;0
2471213;22;26;18;0
2471213;24;26;19;0
2471213;24;26;20;0
2471213;15;26;18;0
2471213;14;26;19;0
2471213;15;26;20;0
2481213;78;13;6;0
2481213;76;13;1;0
2481213;76;13;2;0
2481213.;87;35;6;0
2481213;89;35;1;0
2481213;86;35;2;0
2491213;5;13;4;0
2491213;4;13;5;0
2491213;0;13;3;0
2491213;58;35;4;0
2491213;28;35;5;0
2491213;0;35;3;0
2511213;34;26;6;0
2511213;34;26;1;0
2511213;37;26;2;0
2511213;30;13;6;0
2511213;33;13;1;0
2511213;33;13;2;0
2611211;5;43;15;0
2611211;7;43;16;0
2611211;5;43;17;0
2681227;2;14;6;0
2681227;2;14;1;0
2681227;4;14;2;0
2681227;0;25;6;0
2681227;0;25;1;0
2681227;0;25;2;0
2681227;1;15;6;0
2681227;1;15;1;0
2681227;1;15;2;0
2681227;2;15;6;0
2681227;6;15;1;0
2681227;2;15;2;0
2821227;6;25;8;0
2821227;7;25;7;0
2821227;2;25;14;0
2831227;0;31;15;0
2831227;0;31;16;0
2831227;2;31;17;0
2831227;4;31;15;0
2831227;3;31;16;0
2831227;1;31;17;0
2831227;17;25;15;0
2831227;18;25;16;0
2831227;19;25;17;0
2911211;3;25;3;0
2911211;3;25;4;0
2911211;4;25;5;0
2911211;6;79;3;0
2911211;8;79;4;0
2911211;8;79;5;0
2921211;0;31;3;0
2921211;0;31;4;0
2921211;0;31;5;0
2921211;0;37;3;0
2921211;0;37;4;0
2921211;0;37;5;0
2921211;0;60;3;0
2921211;0;60;4;0
2921211;1;60;5;0
2931211;0;3;15;0
2931211;0;3;16;0
2931211;0;3;17;0
2931211;0;37;15;0
2931211;0;37;16;0
2931211;0;37;17;0
2931211;15;23;15;0
2931211;13;23;16;0
2931211;15;23;17;0
2941211;10;25;15;0
2941211;8;25;16;0
2941211;8;25;17;0
2941211;7;70;15;0
2941211;6;70;16;0
2941211;2;70;17;0
2951211;5;25;3;0
2951211;8;25;4;0
2951211;1;25;5;0
2951211;12;60;3;0
2951211;2;60;4;0
2951211;1;60;5;0
2961211;10;3;6;0
2961211;9;3;1;0
2961211;12;3;2;0
2961211;1;25;6;0
2961211;0;25;1;0
2961211;0;25;2;0
2961211;12;10;6;0
2961211;12;10;1;0
2961211;12;10;2;0
2961211;11;7;6;0
2961211;9;7;1;0
2961211;9;7;2;0
2971211;1;2;6;0
2971211;3;2;1;0
2971211;8;2;2;0
2971211;3;25;6;0
2971211;5;25;1;0
2971211;4;25;2;0
2971211;2;5;6;0
2971211;2;5;1;0
2971211;4;5;2;0
2981211;9;3;15;0
2981211;10;3;16;0
2981211;10;3;17;0
2981211;6;14;15;0
2981211;6;14;16;0
2981211;6;14;17;0
2981211;6;25;15;0
2981211;6;25;16;0
2981211;6;25;17;0
3001211;12;25;1;0
3001211;10;25;2;0
3001211;9;25;18;0
3001211;11;25;1;0
3001211;10;25;2;0
3001211;11;25;18;0
3001211;9;70;1;0
3001211;8;70;2;0
3001211;7;70;18;0
3011211;6;25;4;0
3011211;6;25;5;0
3011211;6;25;15;0
3011211;1;70;4;0
3011211;0;70;5;0
3011211;1;70;15;0
3011211;8;78;4;0
3011211;9;78;5;0
3011211;8;78;15;0
3021211;1;25;7;0
3021211;0;25;14;0
3021211;0;25;3;0
3021211;0;70;7;0
3021211;0;70;14;0
3021211;0;70;3;0
3021211;0;79;7;0
3021211;0;79;14;0
3021211;0;79;3;0
3041213;10;85;7;0
3041213;11;85;14;0
3041213;12;85;3;0
3041213;9;69;7;0
3041213;9;69;14;0
3041213;9;69;3;0
3051213;5;101;7;0
3051213;4;101;14;0
3051213;4;101;3;0
3051213;2;77;7;0
3051213;0;77;14;0
3051213;0;77;3;0
3101211;0;3;16;0
3101211;0;3;17;0
3101211;0;3;6;0
3101211;0;111;16;0
3101211;0;111;17;0
3101211;0;111;6;0
3101211;0;25;16;0
3101211;0;25;17;0
3101211;0;25;6;0
3111211;0;3;4;0
3111211;3;3;5;0
3111211;0;3;15;0
3111211;0;84;4;0
3111211;0;84;5;0
3111211;0;84;15;0
3111211;0;25;4;0
3111211;0;25;5;0
3111211;0;25;15;0
3121211;0;13;16;0
3121211;0;13;17;0
3121211;1;13;6;0
3121211;2;70;16;0
3121211;2;70;17;0
3121211;2;70;6;0
3121211;5;78;16;0
3121211;7;78;17;0
3121211;6;78;6;0
3141211;7;3;1;0
3141211;4;3;2;0
3141211;6;3;18;0
3141211;1;68;1;0
3141211;2;68;2;0
3141211;1;68;18;0
3161211;6;3;16;0
3161211;6;3;17;0
3161211;5;3;6;0
3161211;0;84;16;0
3161211;0;84;17;0
3161211;0;84;6;0
3161211;3;103;16;0
3161211;1;103;17;0
3161211;2;103;6;0
3171211;25;14;16;0
3171211;25;14;17;0
3171211;25;14;6;0
3171211;39;25;16;0
3171211;11;25;17;0
3171211;37;25;6;0
3171211;32;13;16;0
3171211;31;13;17;0
3171211;33;13;6;0
851211;0;28;8;0
851211;0;28;7;0
851211;0;28;14;0
851211;0;28;3;0
851211;0;28;8;0
851211;0;28;7;0
851211;0;28;14;0
851211;6;14;8;0
851211;0;14;7;0
851211;0;14;14;0
851211;0;14;3;0
851211;5;43;8;0
851211;0;43;7;0
851211;0;43;14;0
851211;0;37;8;0
851211;0;37;7;0
851211;0;37;14;0
1450823;0;43;6;0
1450823;2;43;1;0
1450823;4;43;2;0
1760811;30;43;6;0
1760811;34;43;1;0
1760811;24;43;2;0
1780813;0;18;8;0
1780813;0;18;7;0
1780813;0;18;14;0
1780813;24;48;8;0
1780813;20;48;7;0
1780813;18;48;14;0
1810813;4;32;8;0
1810813;5;32;7;0
1810813;5;32;14;0
1810813;0;12;8;0
1810813;0;12;7;0
1810813;0;12;14;0
1810813;0;5;8;0
1810813;0;5;7;0
1810813;0;5;14;0
1940812;5;26;15;0
1940812;2;26;16;0
1940812;0;26;17;0
1940812;8;32;15;0
1940812;3;32;16;0
1940812;3;32;17;0
1940812;0;14;15;0
1940812;1;14;16;0
1940812;0;14;17;0
1940812;18;12;15;0
1940812;8;12;16;0
1940812;2;12;17;0
1940812;3;13;15;0
1940812;1;13;16;0
1940812;4;13;17;0
1940812;5;20;15;0
1940812;1;20;16;0
1940812;0;20;17;0
2090809;4;27;15;0
2090809;5;27;16;0
2090809;5;27;17;0
2100809;10;27;6;0
2100809;8;27;1;0
2100809;10;27;2;0
2230812;6;26;6;0
2230812;6;26;1;0
2230812;8;26;2;0
2250812;2;26;6;0
2250812;1;26;1;0
2250812;0;26;2;0
2590807;1;23;14;0
2590807;7;23;8;0
2590807;4;23;7;0
2670811;0;3;4;0
2670811;0;3;5;0
2670811;0;3;3;0
2670811;26;39;4;0
2670811;20;39;5;0
2670811;34;39;3;0
2680813;0;13;4;0
2680813;0;13;5;0
2680813;0;13;3;0
2680813;20;48;4;0
2680813;18;48;5;0
2680813;19;48;3;0
2740811;21;43;15;0
2740811;22;43;16;0
2740811;26;43;17;0
2750811;0;3;15;0
2750811;0;3;16;0
2750811;0;3;17;0
2750811;8;43;15;0
2750811;7;43;16;0
2750811;8;43;17;0
2770811;117;3;6;0
2770811;99;3;1;0
2770811;117;3;2;0
2780811;5;3;6;0
2780811;6;3;1;0
2780811;6;3;2;0
2780811;0;37;6;0
2780811;3;37;1;0
2780811;5;37;2;0
2790811;24;3;6;0
2790811;23;3;1;0
2790811;23;3;2;0
2790811;0;28;6;0
2790811;1;28;1;0
2790811;0;28;2;0
2880812;7;26;15;0
2880812;0;26;16;0
2880812;0;26;17;0
2880812;0;26;6;0
2880812;1;12;15;0
2880812;2;12;16;0
2880812;0;12;17;0
2880812;0;12;6;0
2880812;4;13;15;0
2880812;0;13;16;0
2880812;0;13;17;0
2880812;0;13;6;0
3240809;14;31;6;0
3240809;0;31;1;0
3240809;13;31;2;0
3290827;1;19;8;0
3290827;0;19;7;0
3290827;0;19;14;0
3290827;1;28;8;0
3290827;1;28;7;0
3290827;1;28;14;0
3300827;2;2;4;0
3300827;0;2;5;0
3300827;6;2;3;0
3300827;1;43;4;0
3300827;0;43;5;0
3300827;2;43;3;0
3310827;2;3;3;0
3310827;1;3;4;0
3310827;1;3;5;0
3310827;0;25;4;0
3310827;1;25;5;0
3310827;1;25;3;0
3320827;2;2;4;0
3320827;3;2;5;0
3320827;1;2;3;0
3320827;1;2;4;0
3320827;3;2;5;0
3320827;2;2;3;0
3330827;31;36;4;0
3330827;32;36;5;0
3330827;40;36;3;0
3340827;7;36;15;0
3340827;8;36;16;0
3340827;2;36;17;0
3340827;0;5;15;0
3340827;0;5;16;0
3340827;0;5;17;0
3350827;25;2;15;0
3350827;25;2;16;0
3350827;24;2;17;0
3350827;41;19;15;0
3350827;42;19;16;0
3350827;36;19;17;0
3410811;56;36;8;0
3410811;60;36;7;0
3410811;55;36;14;0
3410811;40;2;8;0
3410811;34;2;7;0
3410811;38;2;14;0
3420811;23;2;4;0
3420811;21;2;5;0
3420811;22;2;3;0
3420811;0;5;4;0
3420811;1;5;5;0
3420811;2;5;3;0
3430811;5;3;4;0
3430811;2;3;5;0
3430811;10;3;3;0
3430811;0;31;4;0
3430811;5;31;5;0
3430811;11;31;3;0
3440811;30;13;15;0
3440811;27;13;16;0
3440811;33;13;17;0
3440811;16;5;15;0
3440811;16;5;16;0
3440811;15;5;17;0
3450811;65;36;15;0
3450811;65;36;16;0
3450811;96;36;17;0
3450811;39;2;15;0
3450811;44;2;16;0
3450811;42;2;17;0
3470811;39;3;6;0
3470811;38;3;1;0
3470811;36;3;2;0
3470811;20;31;6;0
3470811;21;31;1;0
3470811;19;31;2;0
3480811;0;21;15;0
3480811;0;21;16;0
3480811;0;21;17;0
3480811;0;70;15;0
3480811;0;70;16;0
3480811;0;70;17;0
3500807;11;3;4;0
3500807;10;3;5;0
3500807;10;3;3;0
3500807;0;25;4;0
3500807;0;25;5;0
3500807;0;25;3;0
3650825;5;26;15;0
3650825;3;26;16;0
3650825;4;26;17;0
3650825;2;13;15;0
3650825;2;13;16;0
3650825;0;13;17;0
3660813;0;26;4;0
3660813;0;26;5;0
3660813;0;26;3;0
3660813;12;7;3;0
3660813;12;7;4;0
3660813;12;7;5;0
3670813;6;26;8;0
3670813;9;26;7;0
3670813;6;26;14;0
3670813;32;7;8;0
3670813;26;7;7;0
3670813;26;7;14;0
3710819;44;5;15;0
3710819;45;5;16;0
3710819;44;5;17;0
3710819;16;7;15;0
3710819;1;7;16;0
3710819;0;7;17;0
3710819;31;36;15;0
3710819;31;36;16;0
3710819;32;36;17;0
3710819;31;13;15;0
3710819;32;13;16;0
3710819;32;13;17;0
3710819;148;38;15;0
3710819;166;38;16;0
3710819;166;38;17;0
3720819;53;36;15;0
3720819;52;36;16;0
3720819;51;36;17;0
3720819;58;31;15;0
3720819;56;31;16;0
3720819;56;31;17;0
3720819;93;31;15;0
3720819;90;31;16;0
3720819;89;31;17;0
3730813;0;26;15;0
3730813;1;26;16;0
3730813;1;26;17;0
3730813;10;7;15;0
3730813;7;7;16;0
3730813;2;7;17;0
3740813;0;31;4;0
3740813;0;31;5;0
3740813;1;31;3;0
3740813;0;35;4;0
3740813;0;35;5;0
3740813;0;35;3;0
3740813;3;6;4;0
3740813;5;6;5;0
3740813;6;6;3;0
3750813;13;31;8;0
3750813;9;31;7;0
3750813;8;31;14;0
3750813;7;35;8;0
3750813;3;35;7;0
3750813;4;35;14;0
3750813;30;6;8;0
3750813;25;6;7;0
3750813;25;6;14;0
3760813;0;31;15;0
3760813;0;31;16;0
3760813;0;31;17;0
3760813;0;35;15;0
3760813;0;35;16;0
3760813;0;35;17;0
3760813;19;6;15;0
3760813;15;6;16;0
3760813;16;6;17;0
3840810;6;3;15;0
3840810;6;3;16;0
3840810;2;3;17;0
3840810;1;21;15;0
3840810;2;21;16;0
3840810;1;21;17;0
3840810;2;17;15;0
3840810;2;17;16;0
3840810;1;17;17;0
3850811;2;3;6;0
3850811;0;3;1;0
3850811;0;3;2;0
3850811;1;2;6;0
3850811;0;2;1;0
3850811;1;2;2;0
3850811;11;43;6;0
3850811;12;43;1;0
3850811;11;43;2;0
3850811;2;17;6;0
3850811;3;17;1;0
3850811;3;17;2;0
3860811;0;2;2;0
3860811;0;2;18;0
3860811;0;2;19;0
3860811;0;2;20;0
3860811;0;2;2;0
3860811;10;2;18;0
3860811;0;2;19;0
3860811;0;2;20;0
3860811;11;2;2;0
3860811;11;2;18;0
3860811;10;2;19;0
3860811;14;2;20;0
3860811;0;25;2;0
3860811;0;25;18;0
3860811;0;25;19;0
3860811;0;25;20;0
3870811;5;2;6;0
3870811;6;2;1;0
3870811;6;2;2;0
3870811;0;5;6;0
3870811;0;5;1;0
3870811;0;5;2;0
3870811;4;17;6;0
3870811;4;17;1;0
3870811;4;17;2;0
3880811;13;2;18;0
3880811;12;2;19;0
3880811;10;2;20;0
3880811;0;5;18;0
3880811;0;5;19;0
3880811;0;5;20;0
3880811;7;17;18;0
3880811;7;17;19;0
3880811;1;17;20;0
3890811;4;17;6;0
3890811;3;17;1;0
3890811;5;17;2;0
3900811;8;17;18;0
3900811;10;17;19;0
3900811;5;17;20;0
3960811;1;2;8;0
3960811;1;2;7;0
3960811;1;2;14;0
3960811;1;5;8;0
3960811;0;5;7;0
3960811;0;5;14;0
3960811;1;17;8;0
3960811;0;17;7;0
3960811;0;17;14;0
3960811;0;23;8;0
3960811;1;23;7;0
3960811;0;23;14;0
3970811;2;17;15;0
3970811;2;17;16;0
3970811;2;17;17;0
3980809;19;31;6;0
3980809;21;31;1;0
3980809;19;31;2;0
3990809;0;31;18;0
3990809;1;31;19;0
3990809;1;31;20;0
4050810;1;3;15;0
4050810;0;3;16;0
4050810;0;3;17;0
4050810;0;21;15;0
4050810;0;21;16;0
4050810;1;21;17;0
4050810;0;25;15;0
4050810;0;25;16;0
4050810;0;25;17;0
4050810;15;17;15;0
4050810;16;17;16;0
4050810;16;17;17;0
4070827;1;21;8;0
4070827;2;21;7;0
4070827;1;21;14;0
4070827;0;14;8;0
4070827;0;14;7;0
4070827;0;14;14;0
4090827;0;21;15;0
4090827;0;21;16;0
4090827;2;21;17;0
4090827;0;14;15;0
4090827;1;14;16;0
4090827;1;14;17;0
4100827;0;25;3;0
4100827;0;25;4;0
4100827;0;25;5;0
4100827;3;25;3;0
4100827;3;25;4;0
4100827;0;25;5;0
4110827;0;61;15;0
4110827;1;61;16;0
4110827;0;61;17;0
4110827;2;17;15;0
4110827;3;17;16;0
4110827;1;17;17;0
4120827;5;25;3;0
4120827;4;25;4;0
4120827;1;25;5;0
4120827;11;17;3;0
4120827;10;17;4;0
4120827;10;17;5;0
4130827;6;25;15;0
4130827;8;25;16;0
4130827;7;25;17;0
4130827;13;17;15;0
4130827;11;17;16;0
4130827;11;17;17;0
140827;0;26;3;0
140827;0;26;4;0
140827;1;26;5;0
140827;10;26;3;0
140827;10;26;4;0
140827;10;26;5;0
4150827;0;36;3;0
4150827;3;36;4;0
4150827;3;36;5;0
4160827;3;36;15;0
4160827;2;36;16;0
4160827;2;36;17;0
4180811;0;72;8;0
4180811;0;72;7;0
4180811;0;72;14;0
4180811;0;25;8;0
4180811;0;25;7;0
4180811;0;25;14;0
4180811;3;73;8;0
4180811;1;73;7;0
4180811;1;73;14;0
4240811;0;3;6;0
4240811;0;3;1;0
4240811;0;3;2;0
4240811;0;25;6;0
4240811;0;25;1;0
4240811;0;25;2;0
4240811;0;73;6;0
4240811;0;73;1;0
4240811;0;73;2;0
4240811;0;60;6;0
4240811;0;60;1;0
4240811;0;60;2;0
4250811;20;3;15;0
4250811;20;3;16;0
4250811;20;3;17;0
4250811;22;73;15;0
4250811;22;73;16;0
4250811;22;73;17;0
4250811;15;68;15;0
4250811;16;68;16;0
4250811;16;68;17;0
4250811;11;74;15;0
4250811;21;74;16;0
4250811;21;74;17;0
4290811;1;14;3;0
4290811;3;14;4;0
4290811;2;14;5;0
4290811;3;80;3;0
4290811;3;80;4;0
4290811;6;80;5;0
4290811;0;13;3;0
4290811;0;13;4;0
4290811;0;13;5;0
4290811;1;5;3;0
4290811;1;5;4;0
4290811;1;5;5;0
4290811;1;66;3;0
4290811;1;66;4;0
4290811;1;66;5;0
4320811;1;72;15;0
4320811;1;72;16;0
4320811;1;72;17;0
4320811;1;13;15;0
4320811;1;13;16;0
4320811;1;13;17;0
4320811;1;78;15;0
4320811;1;78;16;0
4320811;1;78;17;0
4350811;0;70;16;0
4350811;0;70;17;0
4350811;0;70;6;0
4350811;0;81;16;0
4350811;0;81;17;0
4350811;0;81;6;0
4350811;0;74;16;0
4350811;0;74;17;0
4350811;0;74;6;0
4380811;1;3;18;0
4380811;0;3;19;0
4380811;0;3;20;0
4380811;1;31;18;0
4380811;0;31;19;0
4380811;0;31;20;0
4380811;13;73;18;0
4380811;13;73;19;0
4380811;13;73;20;0
4400811;0;13;4;0
4400811;0;13;5;0
4400811;0;13;15;0
4400811;0;79;4;0
4400811;0;79;5;0
4400811;0;79;15;0
4400811;0;105;4;0
4400811;0;105;5;0
4400811;0;105;15;0
4500811;7;72;7;0
4500811;7;72;14;0
4500811;6;72;3;0
4500811;7;25;7;0
4500811;10;25;14;0
4500811;8;25;3;0
4500811;4;13;7;0
4500811;5;13;14;0
4500811;6;13;3;0
4690812;65;85;1;0
4690812;58;85;2;0
4690812;63;85;18;0
4690812;38;12;1;0
4690812;38;12;2;0
4690812;34;12;18;0
4690812;17;13;1;0
4690812;14;13;2;0
4690812;14;13;18;0
4700812;49;85;1;0
4700812;48;85;2;0
4700812;43;85;18;0
4700812;16;12;1;0
4700812;13;12;2;0
4700812;14;12;18;0
4700812;0;13;1;0
4700812;0;13;2;0
4700812;0;13;18;0
4730812;34;85;16;0
4730812;36;85;17;0
4730812;35;85;6;0
4730812;10;12;16;0
4730812;12;12;17;0
4730812;8;12;6;0
4730812;1;13;16;0
4730812;0;13;17;0
4730812;1;13;6;0
4740812;0;85;16;0
4740812;0;85;17;0
4740812;0;85;6;0
4740812;0;12;16;0
4740812;0;12;17;0
4740812;0;12;6;0
4740812;3;13;16;0
4740812;2;13;17;0
4740812;1;13;6;0
32429;0;37;3;0
32429;0;37;4;0
32429;0;37;5;0
32429;10;37;3;0
32429;10;37;4;0
32429;10;37;5;0
32429;7;37;3;0
32429;7;37;4;0
32429;6;37;5;0
42429;11;37;15;0
42429;11;37;16;0
42429;11;37;17;0
42429;4;37;15;0
42429;8;37;16;0
42429;7;37;17;0
182211;0;28;15;0
182211;13;14;15;0
182211;0;14;16;0
182211;0;14;17;0
182211;10;10;15;0
182211;0;43;15;0
182211;0;43;16;0
182211;0;43;17;0
182211;8;20;15;0
232212;13;3;4;0
232212;8;3;5;0
232212;14;3;3;0
232212;0;28;4;0
232212;0;28;5;0
232212;0;28;3;0
232212;27;14;4;0
232212;31;14;5;0
232212;31;14;3;0
232212;12;25;4;0
232212;11;25;5;0
232212;14;25;3;0
242212;15;3;15;0
242212;16;3;16;0
242212;16;3;17;0
242212;0;28;15;0
242212;0;28;16;0
242212;2;28;17;0
242212;2;14;15;0
242212;8;14;16;0
242212;3;14;17;0
242212;0;25;15;0
242212;0;25;16;0
242212;0;25;17;0
252211;0;36;4;0
252211;0;36;5;0
252211;0;36;3;0
252211;0;39;4;0
252211;0;39;5;0
252211;1;39;3;0
252211;0;5;4;0
252211;0;5;5;0
252211;0;5;3;0
252211;18;20;3;0
252211;7;20;4;0
252211;10;20;5;0
252211;1;38;4;0
252211;1;38;5;0
252211;1;38;3;0
262211;4;36;15;0
262211;1;36;16;0
262211;1;36;17;0
262211;0;39;15;0
262211;0;39;16;0
262211;0;39;17;0
262211;0;5;15;0
262211;0;5;16;0
262211;0;5;17;0
262211;0;20;15;0
262211;0;20;16;0
262211;0;20;17;0
262211;0;37;15;0
262211;0;37;16;0
262211;0;37;17;0
262211;7;38;15;0
262211;2;38;16;0
262211;14;38;17;0
412211;0;3;6;0
412211;2;3;1;0
412211;3;3;2;0
412211;1;5;6;0
412211;0;5;1;0
412211;0;5;2;0
412211;2;17;6;0
412211;5;17;1;0
412211;2;17;2;0
412211;3;38;6;0
412211;6;38;1;0
412211;5;38;2;0
432211;3;2;3;0
432211;4;2;4;0
432211;4;2;5;0
432211;0;5;14;0
432211;1;5;3;0
432211;1;5;4;0
432211;1;5;5;0
432211;0;17;14;0
432211;0;17;3;0
432211;0;17;4;0
432211;0;17;5;0
432211;0;60;3;0
432211;0;60;4;0
432211;0;60;5;0
472213;32;43;7;0
482211;3;2;6;0
482211;2;2;1;0
482211;3;2;2;0
482211;0;25;6;0
482211;0;25;1;0
482211;0;25;2;0
482211;8;4;6;0
482211;6;4;1;0
482211;8;4;2;0
56/2211;17;83;6;0
56/2211;16;83;1;0
56/2211;16;83;2;0
56/2211;18;14;6;0
56/2211;18;14;1;0
56/2211;17;14;2;0
56/2211;11;25;6;0
56/2211;11;25;1;0
56/2211;11;25;2;0
652211;0;14;7;0
652211;0;14;14;0
652211;5;14;3;0
652211;4;25;7;0
652211;3;25;14;0
652211;5;25;3;0
652211;5;106;7;0
652211;2;106;14;0
652211;4;106;3;0
652211;10;74;7;0
652211;11;74;14;0
652211;12;74;3;0
652211;8;107;7;0
652211;8;107;14;0
652211;8;107;3;0
662211;13;14;4;0
662211;13;14;5;0
662211;13;14;15;0
662211;0;25;4;0
662211;0;25;5;0
662211;0;25;15;0
662211;4;106;4;0
662211;1;106;5;0
662211;1;106;15;0
662211;1;74;4;0
662211;0;74;5;0
662211;0;74;15;0
662211;21;107;4;0
662211;21;107;5;0
662211;20;107;15;0
301113;0;31;6;0
301113;0;31;1;0
301113;0;31;2;0
301113;31;21;6;0
301113;28;21;1;0
301113;27;21;2;0
341113;0;31;18;0
341113;0;31;19;0
341113;0;31;20;0
341113;21;21;18;0
341113;28;21;19;0
341113;24;21;20;0
351112;4;26;14;0
351112;3;26;3;0
351112;1;26;4;0
351112;3;26;5;0
351112;3;26;15;0
351112;15;12;14;0
351112;18;12;3;0
351112;16;12;4;0
351112;17;12;5;0
351112;17;12;15;0
351112;16;13;14;0
351112;18;13;3;0
351112;17;13;4;0
351112;18;13;5;0
351112;18;13;15;0
361112;0;26;3;0
361112;0;26;4;0
361112;0;26;5;0
361112;0;26;15;0
361112;17;12;3;0
361112;18;12;4;0
361112;19;12;5;0
361112;17;12;15;0
361112;19;13;3;0
361112;18;13;4;0
361112;19;13;5;0
361112;19;13;15;0
371112;2;26;3;0
371112;0;26;4;0
371112;0;26;5;0
371112;0;26;15;0
371112;0;43;3;0
371112;0;43;4;0
371112;0;43;5;0
371112;0;43;15;0
381112;8;26;16;0
381112;8;26;17;0
381112;9;26;6;0
381112;9;26;1;0
381112;27;12;16;0
381112;27;12;17;0
381112;27;12;6;0
381112;27;12;1;0
381112;23;13;16;0
381112;25;13;17;0
381112;26;13;6;0
381112;26;13;1;0
391112;0;26;16;0
391112;0;26;17;0
391112;0;26;6;0
391112;0;26;1;0
391112;16;12;16;0
391112;16;12;17;0
391112;16;12;6;0
391112;16;12;1;0
391112;15;13;16;0
391112;18;13;17;0
391112;17;13;6;0
391112;17;13;1;0
401112;2;26;16;0
401112;0;26;17;0
401112;2;26;6;0
401112;4;26;1;0
401112;0;43;16;0
401112;0;43;17;0
401112;0;43;6;0
401112;0;43;1;0
1210613;4;18;4;0
1210613;2;18;14;0
1210613;2;18;3;0
1210613;1;12;4;0
1210613;0;12;14;0
1210613;3;12;3;0
1220613;3;12;4;0
1220613;3;12;14;0
1220613;5;12;3;0
1220613;0;12;4;0
1220613;0;12;14;0
1220613;0;12;3;0
1220613;0;13;4;0
1220613;0;13;14;0
1220613;0;13;3;0
1220613;0;13;4;0
1220613;0;13;14;0
1220613;0;13;3;0
1230613;2;18;5;0
1230613;8;18;15;0
1230613;3;18;16;0
1230613;0;12;5;0
1230613;9;12;15;0
1230613;0;12;16;0
1240613;1;12;5;0
1240613;3;12;15;0
1240613;4;12;16;0
1240613;9;13;5;0
1240613;10;13;15;0
1240613;10;13;16;0
1240613;0;13;5;0
1240613;0;13;15;0
1240613;1;13;16;0
1320610;39;3;5;0
1320610;40;3;15;0
1320610;10;3;16;0
1320610;0;43;5;0
1320610;0;43;15;0
1320610;0;43;16;0
1320610;0;17;5;0
1320610;0;17;15;0
1320610;0;17;16;0
1330610;23;3;17;0
1330610;18;3;6;0
1330610;16;3;1;0
1330610;0;43;17;0
1330610;1;43;6;0
1330610;0;43;1;0
1330610;1;17;17;0
1330610;0;17;6;0
1330610;1;17;1;0
1370610;23;21;17;0
1370610;25;21;6;0
1370610;27;21;1;0
1370610;0;37;17;0
1370610;0;37;6;0
1370610;0;37;1;0
1400607;26;2;5;0
1400607;27;2;15;0
1400607;32;2;16;0
1400607;0;5;5;0
1400607;1;5;15;0
1400607;2;5;16;0
1410607;21;3;5;0
1410607;20;3;15;0
1410607;23;3;16;0
1410607;17;25;5;0
1410607;13;25;15;0
1410607;15;25;16;0
1420607;0;18;4;0
1420607;8;18;14;0
1420607;0;18;3;0
1420607;0;25;4;0
1420607;0;25;14;0
1420607;0;25;3;0
1420607;0;12;4;0
1420607;0;12;14;0
1420607;0;12;3;0
1440607;24;3;5;0
1440607;28;3;15;0
1440607;26;3;16;0
1440607;14;43;5;0
1440607;13;43;15;0
1440607;11;43;16;0
1450607;22;2;5;0
1450607;18;2;15;0
1450607;23;2;16;0
1450607;17;5;5;0
1450607;9;5;15;0
1450607;9;5;16;0
1460607;56;3;4;0
1460607;59;3;14;0
1460607;55;3;3;0
1460607;17;25;4;0
1460607;23;25;14;0
1460607;17;25;3;0
1520607;3;2;5;0
1520607;2;2;15;0
1520607;3;2;16;0
1520607;1;28;5;0
1520607;0;28;15;0
1520607;1;28;16;0
1520607;0;30;5;0
1520607;11;30;15;0
1520607;11;30;16;0
1520607;1;5;5;0
1520607;4;5;15;0
1520607;3;5;16;0
1540607;14;77;3;0
1540607;14;77;4;0
1540607;14;77;5;0
1540607;13;76;3;0
1540607;14;76;4;0
1540607;13;76;5;0
1540607;10;70;3;0
1540607;11;70;4;0
1540607;5;70;5;0
1550607;2;77;15;0
1550607;3;77;16;0
1550607;2;77;17;0
1550607;15;76;15;0
1550607;15;76;16;0
1550607;15;76;17;0
1550607;4;70;15;0
1550607;3;70;16;0
1550607;4;70;17;0
1560611;8;72;15;0
1560611;8;72;16;0
1560611;6;72;17;0
1560611;8;75;15;0
1560611;7;75;16;0
1560611;8;75;17;0
1560611;2;25;15;0
1560611;1;25;16;0
1560611;2;25;17;0
1560611;7;70;15;0
1560611;8;70;16;0
1560611;7;70;17;0
1570611;4;72;6;0
1570611;6;72;1;0
1570611;6;72;2;0
1570611;0;75;6;0
1570611;1;75;1;0
1570611;1;75;2;0
1570611;5;25;6;0
1570611;6;25;1;0
1570611;5;25;2;0
1570611;4;70;6;0
1570611;5;70;1;0
1570611;4;70;2;0
1580607;0;76;14;0
1580607;0;76;3;0
1580607;0;76;4;0
1580607;20;75;14;0
1580607;20;75;3;0
1580607;20;75;4;0
1580607;13;70;14;0
1580607;15;70;3;0
1580607;15;70;4;0
1600607;3;77;14;0
1600607;3;77;3;0
1600607;3;77;4;0
1600607;3;25;14;0
1600607;3;25;3;0
1600607;3;25;4;0
1610607;0;72;14;0
1610607;0;72;3;0
1610607;0;72;4;0
1610607;9;77;14;0
1610607;9;77;3;0
1610607;9;77;4;0
1610607;4;25;14;0
1610607;4;25;3;0
1610607;4;25;4;0
1620607;17;72;14;0
1620607;18;72;3;0
1620607;18;72;4;0
1620607;20;77;14;0
1620607;20;77;3;0
1620607;20;77;4;0
1620607;2;25;14;0
1620607;2;25;3;0
1620607;2;25;4;0
1620607;13;86;14;0
1620607;13;86;3;0
1620607;13;86;4;0
1630607;9;2;17;0
1630607;9;2;6;0
1630607;9;2;1;0
1630607;10;100;17;0
1630607;10;100;6;0
1630607;9;100;1;0
1640607;31;77;5;0
1640607;31;77;15;0
1640607;31;77;16;0
1640607;0;25;5;0
1640607;0;25;15;0
1640607;0;25;16;0
1650607;0;25;5;0
1650607;2;25;15;0
1650607;0;25;16;0
1650607;5;70;5;0
1650607;10;70;15;0
1650607;10;70;16;0
540607;6;45;8;0
540607;4;45;7;0
540607;5;45;14;0
540607;2;45;3;0
540607;0;32;8;0
540607;0;32;7;0
540607;0;32;14;0
540607;1;32;3;0
540607;0;12;8;0
540607;0;12;7;0
540607;0;12;14;0
540607;0;12;3;0
540607;1;13;8;0
540607;0;13;7;0
540607;0;13;14;0
540607;0;13;3;0
920607;0;43;8;0
920607;19;43;8;0
091813;1;28;15;0
091813;1;28;16;0
091813;0;28;17;0
091813;7;21;15;0
091813;8;21;16;0
091813;9;21;17;0
091813;5;38;15;0
091813;7;38;16;0
091813;3;38;17;0
171813;19;21;8;0
171813;12;21;7;0
171813;15;21;14;0
171813;3;38;8;0
171813;0;38;7;0
171813;0;38;14;0
191804;5;28;15;0
191804;7;28;16;0
191804;8;28;17;0
191804;23;38;15;0
191804;26;38;16;0
191804;24;38;17;0
201804;41;21;6;0
201804;70;21;1;0
201804;32;21;2;0
201804;55;38;6;0
201804;30;38;1;0
201804;58;38;2;0
211813;35;12;4;0
211813;35;12;5;0
211813;34;12;3;0
211813;33;13;4;0
211813;28;13;5;0
211813;26;13;3;0
241811;33;43;8;0
241811;19;43;7;0
241811;1;43;14;0
261811;1;21;6;0
261811;2;21;1;0
261811;1;21;2;0
261811;4;43;6;0
261811;4;43;1;0
261811;0;43;2;0
291805;0;28;3;0
291805;0;28;4;0
291805;0;28;5;0
291805;0;39;3;0
291805;1;39;4;0
291805;1;39;5;0
291805;0;21;3;0
291805;0;21;4;0
291805;0;21;5;0
291805;0;14;3;0
291805;0;14;4;0
291805;0;14;5;0
291805;18;12;3;0
291805;18;12;4;0
291805;18;12;5;0
291805;0;5;3;0
291805;0;5;4;0
291805;0;5;5;0
311813;27;13;4;0
311813;29;13;5;0
311813;28;13;3;0
311813;53;35;4;0
311813;52;35;5;0
311813;42;35;3;0
321813;44;13;8;0
321813;41;13;7;0
321813;42;13;14;0
321813;33;35;8;0
321813;41;35;7;0
321813;43;35;14;0
341813;32;13;3;0
341813;32;13;4;0
341813;34;13;5;0
341813;34;5;3;0
341813;35;5;4;0
341813;35;5;5;0
351813;6;31;15;0
351813;4;31;16;0
351813;6;31;17;0
351813;0;5;15;0
351813;0;5;16;0
351813;1;5;17;0
351813;1;7;15;0
351813;0;7;16;0
351813;1;7;17;0
42/1811;5;72;4;0
42/1811;5;72;5;0
42/1811;5;72;3;0
42/1811;15;14;3;0
42/1811;13;14;4;0
42/1811;12;14;5;0
42/1811;14;70;3;0
42/1811;14;70;4;0
42/1811;14;70;5;0
42/1811;3;74;3;0
42/1811;3;74;4;0
42/1811;4;74;5;0
43/1811;0;69;16;0
43/1811;0;69;17;0
43/1811;0;69;15;0
43/1811;0;69;16;0
43/1811;3;69;17;0
43/1811;0;69;15;0
43/1811;9;25;15;0
43/1811;9;25;16;0
43/1811;9;25;17;0
43/1811;8;70;15;0
43/1811;7;70;16;0
43/1811;9;70;17;0
43/1811;0;70;15;0
43/1811;0;70;16;0
43/1811;2;70;17;0
44/1811;9;25;6;0
44/1811;7;25;1;0
44/1811;8;25;2;0
44/1811;7;70;6;0
44/1811;12;70;1;0
44/1811;6;70;2;0
44/1811;1;74;6;0
44/1811;0;74;1;0
44/1811;0;74;2;0
45/1811;3;72;7;0
45/1811;1;72;14;0
45/1811;3;72;8;0
45/1811;9;14;8;0
45/1811;11;14;7;0
45/1811;11;14;14;0
45/1811;3;70;8;0
45/1811;1;70;7;0
45/1811;2;70;14;0
45/1811;1;78;8;0
45/1811;1;78;7;0
45/1811;1;78;14;0
461811;1;13;4;0
461811;0;13;5;0
461811;0;13;15;0
461811;0;78;4;0
461811;0;78;5;0
461811;0;78;15;0
461811;1;78;4;0
461811;0;78;5;0
461811;0;78;15;0
471811;8;84;4;0
471811;8;84;5;0
471811;8;84;15;0
471811;19;68;4;0
471811;19;68;5;0
471811;18;68;15;0
471811;8;74;4;0
471811;8;74;5;0
471811;8;74;15;0
481811;8;3;6;0
481811;8;3;1;0
481811;8;3;2;0
481811;10;83;6;0
481811;10;83;1;0
481811;10;83;2;0
481811;0;25;6;0
481811;0;25;1;0
481811;0;25;2;0
481811;4;73;6;0
481811;4;73;1;0
481811;4;73;2;0
501811;16;13;16;0
501811;16;13;17;0
501811;18;13;6;0
501811;15;70;16;0
501811;15;70;17;0
501811;15;70;6;0
521836;13;77;3;0
521836;12;77;4;0
521836;12;77;5;0
521836;15;87;3;0
521836;15;87;4;0
521836;12;87;5;0
521836;11;103;3;0
521836;13;103;4;0
521836;12;103;5;0
541811;17;72;16;0
541811;18;72;17;0
541811;18;72;6;0
541811;0;25;16;0
541811;0;25;17;0
541811;0;25;6;0
541811;5;13;16;0
541811;3;13;17;0
541811;4;13;6;0
541811;1;106;16;0
541811;0;106;17;0
541811;0;106;6;0
541811;8;103;16;0
541811;9;103;17;0
541811;9;103;6;0
491611;13;3;18;0
491611;15;3;19;0
491611;14;3;20;0
491611;12;83;18;0
491611;12;83;19;0
491611;10;83;20;0
491611;2;25;18;0
491611;0;25;19;0
491611;2;25;20;0
491611;7;73;18;0
491611;8;73;19;0
491611;7;73;20;0
391813;7;12;8;0
391813;0;12;7;0
391813;3;12;14;0
391813;72;13;8;0
391813;71;13;7;0
391813;67;13;14;0
411813;4;28;15;0
411813;3;28;16;0
411813;4;28;17;0
411813;0;28;17;0
411813;21;13;15;0
411813;18;13;16;0
411813;19;13;17;0
421811;36;17;15;0
421811;29;17;16;0
421811;26;17;17;0
441811;34;17;15;0
441811;20;17;16;0
441811;21;17;17;0
491811;6;37;6;0
491811;7;37;1;0
491811;7;37;2;0
531811;45;36;4;0
531811;47;36;5;0
531811;49;36;3;0
531811;0;13;4;0
531811;0;13;5;0
531811;1;13;3;0
551813;5;31;15;0
551813;4;31;16;0
551813;0;31;17;0
551813;0;5;15;0
551813;0;5;16;0
551813;0;5;17;0
551813;6;6;15;0
551813;6;6;16;0
551813;6;6;17;0
561813;44;31;8;0
561813;50;31;7;0
561813;48;31;14;0
561813;41;35;8;0
561813;39;35;7;0
561813;40;35;14;0
571813;39;5;4;0
571813;39;5;5;0
571813;39;5;3;0
571813;42;6;4;0
571813;44;6;5;0
571813;42;6;3;0
621811;43;80;3;0
621811;42;80;4;0
621811;44;80;5;0
621811;30;70;3;0
621811;30;70;4;0
621811;31;70;5;0
631813;12;70;16;0
631813;16;70;17;0
631813;15;70;6;0
631813;13;78;16;0
631813;16;78;17;0
631813;16;78;6;0
641813;11;69;4;0
641813;11;69;5;0
641813;11;69;15;0
641813;8;70;4;0
641813;8;70;5;0
641813;8;70;15;0
641813;13;74;4;0
641813;13;74;5;0
641813;13;74;15;0
651813;7;13;3;0
651813;6;13;4;0
651813;6;13;5;0
651813;9;70;3;0
651813;11;70;4;0
651813;11;70;5;0
080913;0;69;16;0
080913;0;69;17;0
080913;0;69;6;0
080913;0;70;16;0
080913;0;70;17;0
080913;0;70;6;0
080913;0;78;16;0
080913;0;78;17;0
080913;0;78;6;0
080913;4;105;16;0
080913;4;105;17;0
080913;4;105;6;0
080913;3;74;16;0
080913;3;74;17;0
080913;3;74;6;0
090913;0;69;4;0
090913;0;69;5;0
090913;0;69;15;0
090913;4;70;4;0
090913;5;70;5;0
090913;5;70;15;0
090913;0;78;4;0
090913;0;78;5;0
090913;0;78;15;0
090913;5;105;4;0
090913;6;105;5;0
090913;6;105;15;0
090913;5;74;4;0
090913;5;74;5;0
090913;5;74;15;0
040909;17;31;15;0
040909;18;31;16;0
040909;16;31;17;0
040909;16;37;15;0
040909;16;37;16;0
040909;15;37;17;0
050909;6;31;3;0
050909;6;31;4;0
050909;6;31;5;0
050909;0;37;3;0
050909;0;37;4;0
050909;0;37;5;0
060909;32;31;18;0
060909;31;31;19;0
060909;28;31;20;0
070909;16;31;1;0
070909;9;31;6;0
070909;11;31;2;0
070909;1;37;6;0
070909;1;37;1;0
070909;0;37;2;0
1041113;31;36;18;0
1041113;34;36;19;0
1041113;35;36;20;0
1041113;0;26;18;0
1041113;2;26;19;0
1041113;0;26;20;0
1041113;0;37;18;0
1041113;4;37;19;0
1041113;1;37;20;0
1051113;21;36;18;0
1051113;23;36;19;0
1051113;24;36;20;0
1051113;11;35;18;0
1051113;14;35;19;0
1051113;15;35;20;0
1051113;1;37;18;0
1051113;0;37;19;0
1051113;1;37;20;0
1061113;22;36;18;0
1061113;16;36;19;0
1061113;20;36;20;0
1061113;1;37;18;0
1071113;21;2;8;0
1071113;22;2;7;0
1071113;22;2;14;0
1071113;47;12;8;0
1071113;44;12;7;0
1071113;43;12;14;0
1081113;2;2;8;0
1081113;1;2;7;0
1081113;0;2;14;0
1081113;3;18;8;0
1081113;1;18;7;0
1081113;0;18;14;0
1091113;15;18;8;0
1091113;18;18;7;0
1091113;16;18;14;0
1091113;16;8;8;0
1091113;16;8;7;0
1091113;6;8;14;0
1101113;29;21;4;0
1101113;39;21;5;0
1101113;35;21;3;0
1101113;11;13;4;0
1101113;38;13;5;0
1101113;14;13;3;0
1131113;0;1;15;0
1131113;0;1;16;0
1131113;2;1;17;0
1131113;8;38;15;0
1131113;12;38;16;0
1131113;9;38;17;0
1141113;3;18;15;0
1141113;5;18;16;0
1141113;4;18;17;0
1141113;34;12;15;0
1141113;36;12;16;0
1141113;33;12;17;0
1161113;1;8;6;0
1161113;0;8;1;0
1161113;0;8;2;0
1161113;3;1;6;0
1161113;7;1;1;0
1161113;5;1;2;0
1161113;0;35;6;0
1161113;0;35;1;0
1161113;0;35;2;0
1181113;1;1;6;0
1181113;1;1;1;0
1181113;0;1;2;0
1181113;4;38;6;0
1181113;0;38;1;0
1181113;2;38;2;0
1191113;13;8;6;0
1191113;11;8;1;0
1191113;9;8;2;0
1191113;20;12;6;0
1191113;20;12;1;0
1191113;21;12;2;0
1201113;0;13;18;0
1201113;0;13;19;0
1201113;0;13;20;0
1201113;19;38;18;0
1201113;20;38;19;0
1201113;7;38;20;0
1221113;39;8;18;0
1221113;39;8;19;0
1221113;36;8;20;0
1221113;33;1;18;0
1221113;35;1;19;0
1221113;36;1;20;0
1251113;14;18;18;0
1251113;12;18;19;0
1251113;9;18;20;0
1251113;28;8;18;0
1251113;28;8;19;0
1251113;24;8;20;0
1251113;22;1;18;0
1251113;24;1;19;0
1251113;20;1;20;0
1281113;29;12;4;0
1281113;32;12;5;0
1281113;33;12;3;0
1281113;6;35;4;0
1281113;6;35;5;0
1281113;4;35;3;0
1291113;1;2;8;0
1291113;0;2;7;0
1291113;0;2;14;0
1291113;16;12;8;0
1291113;16;12;7;0
1291113;15;12;14;0
1291113;2;35;8;0
1291113;1;35;7;0
1291113;0;35;14;0
1301113;0;18;15;0
1301113;2;18;16;0
1301113;0;18;17;0
1301113;0;35;15;0
1301113;0;35;16;0
1301113;0;35;17;0
1301113;14;38;15;0
1301113;16;38;16;0
1301113;14;38;17;0
1371125;84;85;15;0
1371125;85;85;16;0
1371125;84;85;17;0
1371125;81;13;15;0
1371125;81;13;16;0
1371125;79;13;17;0
1381113;56;26;18;0
1381113;56;26;19;0
1381113;54;26;20;0
1381113;23;13;18;0
1381113;34;13;19;0
1381113;24;13;20;0
1451113;0;18;4;0
1451113;0;18;5;0
1451113;0;18;15;0
1451113;0;18;3;0
1451113;0;25;4;0
1451113;0;25;5;0
1451113;0;25;15;0
1451113;0;25;3;0
1451113;10;9;4;0
1451113;8;9;5;0
1451113;9;9;15;0
1451113;14;9;3;0
1491113;0;26;4;0
1491113;9;26;5;0
1491113;1;26;15;0
1491113;4;26;3;0
1491113;0;2;4;0
1491113;4;2;5;0
1491113;0;2;15;0
1491113;0;2;3;0
1491113;0;32;4;0
1491113;0;32;5;0
1491113;0;32;15;0
1491113;1;32;3;0
1501113;10;26;16;0
1501113;9;26;17;0
1501113;10;26;6;0
1501113;6;2;16;0
1501113;6;2;17;0
1501113;5;2;6;0
1501113;3;32;16;0
1501113;16;32;17;0
1501113;3;32;6;0
1531113;0;28;4;0
1531113;0;28;5;0
1531113;0;28;15;0
1531113;0;28;3;0
1531113;0;21;4;0
1531113;0;21;5;0
1531113;0;21;15;0
1531113;0;21;3;0
1531113;0;14;4;0
1531113;0;14;5;0
1531113;4;14;15;0
1531113;2;14;3;0
1531113;17;56;4;0
1531113;13;56;5;0
1531113;14;56;15;0
1531113;13;56;3;0
1531113;0;38;4;0
1531113;0;38;5;0
1531113;1;38;15;0
1531113;0;38;3;0
1541113;1;28;16;0
1541113;1;28;17;0
1541113;0;28;6;0
1541113;0;21;16;0
1541113;0;21;17;0
1541113;0;21;6;0
1541113;0;14;16;0
1541113;5;14;17;0
1541113;0;14;6;0
1541113;11;56;16;0
1541113;10;56;17;0
1541113;11;56;6;0
1541113;1;38;16;0
1541113;1;38;17;0
1541113;0;38;6;0
1551113;2;18;3;0
1551113;0;18;4;0
1551113;0;18;5;0
1551113;12;12;3;0
1551113;11;12;4;0
1551113;10;12;5;0
1551113;0;35;4;0
1551113;0;35;5;0
1551113;0;35;3;0
1561113;11;12;15;0
1561113;21;12;16;0
1561113;19;12;17;0
1561113;0;1;15;0
1561113;0;1;16;0
1561113;0;1;17;0
1561113;0;35;15;0
1561113;0;35;16;0
1561113;0;35;17;0
1561113;2;38;15;0
1561113;2;38;16;0
1561113;2;38;17;0
1571113;0;18;3;0
1571113;0;18;4;0
1571113;0;18;5;0
1571113;10;12;3;0
1571113;1;12;4;0
1571113;0;12;5;0
1571113;9;35;3;0
1571113;0;35;4;0
1571113;0;35;5;0
1571113;0;35;3;0
1571113;9;35;4;0
1571113;0;35;5;0
1581113;8;12;15;0
1581113;8;12;16;0
1581113;9;12;17;0
1581113;0;1;15;0
1581113;0;1;16;0
1581113;0;1;17;0
1581113;0;35;15;0
1581113;0;35;16;0
1581113;0;35;17;0
1581113;0;38;15;0
1581113;0;38;16;0
1581113;0;38;17;0
1601113;28;25;1;0
1601113;28;25;2;0
1601113;27;25;18;0
1601113;6;31;1;0
1601113;6;31;2;0
1601113;6;31;18;0
1601113;7;28;1;0
1601113;8;28;2;0
1601113;9;28;18;0
1601113;68;14;1;0
1601113;66;14;2;0
1601113;66;14;18;0
1621113;0;2;8;0
1621113;1;2;7;0
1621113;1;2;14;0
1621113;0;18;8;0
1621113;1;18;7;0
1621113;0;18;14;0
1621113;0;12;8;0
1621113;0;12;7;0
1621113;0;12;14;0
1621113;0;35;8;0
1621113;2;35;7;0
1621113;0;35;14;0
1631113;1;2;8;0
1631113;0;2;7;0
1631113;0;2;14;0
1631113;0;18;8;0
1631113;0;18;7;0
1631113;1;18;14;0
1631113;10;12;8;0
1631113;8;12;7;0
1631113;8;12;14;0
1631113;0;35;8;0
1631113;1;35;7;0
1631113;0;35;14;0
1651113;3;2;8;0
1651113;1;2;7;0
1651113;7;2;14;0
1651113;0;18;8;0
1651113;0;18;7;0
1651113;0;18;14;0
1651113;1;12;8;0
1651113;1;12;7;0
1651113;1;12;14;0
1651113;0;35;8;0
1651113;0;35;14;0
1651113;1;35;7;0
1661136;30;77;15;0
1661136;20;77;16;0
1661136;29;77;17;0
1661136;0;87;15;0
1661136;1;87;16;0
1661136;0;87;17;0
1661136;0;81;15;0
1661136;1;81;16;0
1661136;14;81;17;0
1671136;6;77;6;0
1671136;7;77;1;0
1671136;11;77;2;0
1671136;11;87;6;0
1671136;4;87;1;0
1671136;6;87;2;0
1671136;5;68;6;0
1671136;8;68;1;0
1671136;8;68;2;0
1681136;10;77;3;0
1681136;8;77;4;0
1681136;5;77;5;0
1681136;7;87;3;0
1681136;0;87;4;0
1681136;12;87;5;0
1681136;22;68;3;0
1681136;0;68;4;0
1681136;1;68;5;0
1701113;0;72;7;0
1701113;0;72;14;0
1701113;1;72;3;0
1701113;4;77;7;0
1701113;7;77;14;0
1701113;8;77;3;0
1711113;5;77;7;0
1711113;2;77;14;0
1711113;1;77;3;0
1711113;1;31;7;0
1711113;0;31;14;0
1711113;1;31;3;0
1711113;7;100;7;0
1711113;4;100;14;0
1711113;6;100;3;0
1721125;1;85;4;0
1721125;1;85;5;0
1721125;1;85;15;0
1721125;0;13;4;0
1721125;1;13;5;0
1721125;4;13;15;0
1841113;3;100;1;0
1841113;5;100;2;0
1841113;4;100;18;0
1841113;1;25;1;0
1841113;2;25;2;0
1841113;2;25;18;0
1841113;1;78;1;0
1841113;0;78;2;0
1841113;1;78;18;0
1871113;3;77;7;0
1871113;2;77;14;0
1871113;2;77;3;0
1871113;0;12;7;0
1871113;0;12;14;0
1871113;0;12;3;0
1881113;6;76;7;0
1881113;7;76;14;0
1881113;7;76;3;0
1881113;6;24;7;0
1881113;6;24;14;0
1881113;7;24;3;0
1881113;1;13;7;0
1881113;4;13;14;0
1881113;0;13;3;0
1911113;5;101;2;0
1911113;5;101;18;0
1911113;6;101;19;0
1911113;7;101;20;0
1911113;0;72;2;0
1911113;0;72;18;0
1911113;0;72;19;0
1911113;0;72;20;0
1911113;0;77;2;0
1911113;1;77;18;0
1911113;1;77;19;0
1911113;0;77;20;0
1911113;5;102;2;0
1911113;0;102;18;0
1911113;0;102;19;0
1911113;0;102;20;0
1911113;0;37;2;0
1911113;0;37;18;0
1911113;0;37;19;0
1911113;0;37;20;0
1931113;16;101;2;0
1931113;17;101;18;0
1931113;16;101;19;0
1931113;17;101;20;0
1931113;2;72;2;0
1931113;0;72;18;0
1931113;0;72;19;0
1931113;0;72;20;0
1931113;4;77;2;0
1931113;3;77;18;0
1931113;0;77;19;0
1931113;0;77;20;0
1931113;2;102;2;0
1931113;0;102;18;0
1931113;0;102;19;0
1931113;0;102;20;0
1931113;0;81;2;0
1931113;0;81;18;0
1931113;0;81;19;0
1931113;0;81;20;0
671113;43;26;7;0
671113;51;26;14;0
671113;49;26;3;0
681113;61;26;4;0
681113;45;26;5;0
681113;52;26;15;0
681113;0;12;4;0
681113;0;12;5;0
681113;0;12;15;0
781113;0;26;4;0
781113;0;26;5;0
781113;5;26;3;0
781113;20;32;4;0
781113;2;32;5;0
781113;39;32;3;0
781113;0;25;4;0
781113;1;25;5;0
781113;0;25;3;0
781113;0;35;4;0
781113;0;35;5;0
781113;25;35;3;0
791113;0;26;15;0
791113;0;26;16;0
791113;0;26;17;0
791113;0;32;15;0
791113;83;32;16;0
791113;104;32;17;0
791113;0;25;15;0
791113;0;25;16;0
791113;0;25;17;0
791113;0;35;15;0
791113;0;35;16;0
791113;0;35;17;0
801113;0;26;6;0
801113;0;26;1;0
801113;0;26;2;0
801113;143;32;6;0
801113;88;32;1;0
801113;104;32;2;0
801113;0;25;6;0
801113;0;25;1;0
801113;0;25;2;0
811113;25;26;18;0
811113;127;32;18;0
811113;2;43;18;0
861113;23;36;8;0
861113;21;36;7;0
861113;23;36;14;0
861113;2;31;8;0
861113;0;31;7;0
861113;0;31;14;0
891113;4;36;4;0
891113;7;36;5;0
891113;13;36;3;0
891113;0;31;4;0
891113;0;31;5;0
891113;0;31;3;0
911113;15;36;4;0
911113;15;36;5;0
911113;14;36;3;0
911113;15;26;4;0
911113;16;26;5;0
911113;14;26;3;0
051007;0;8;4;0
051007;10;8;14;0
051007;0;8;14;0
051007;0;8;3;0
051007;0;37;4;0
051007;0;37;14;0
051007;0;37;3;0
051007;119;4;4;0
051007;87;4;14;0
051007;175;4;3;0
061007;0;37;5;0
061007;0;37;15;0
061007;8;37;16;0
061007;119;4;5;0
061007;120;4;15;0
061007;125;4;16;0
061007;0;4;17;0
291013;0;8;15;0
291013;0;8;16;0
291013;0;8;17;0
291013;15;1;15;0
291013;15;1;16;0
291013;15;1;17;0
301013;0;3;4;0
301013;0;3;5;0
301013;0;3;3;0
301013;0;8;4;0
301013;0;8;5;0
301013;0;8;3;0
301013;1;19;4;0
301013;0;19;5;0
301013;1;19;3;0
301013;0;17;4;0
301013;0;17;5;0
301013;0;17;3;0
301013;4;37;4;0
301013;4;37;5;0
301013;6;37;3;0
311013;0;8;15;0
311013;0;8;16;0
311013;0;8;17;0
311013;32;1;15;0
311013;30;1;16;0
311013;29;1;17;0
311013;0;37;15;0
311013;0;37;16;0
311013;0;37;17;0
341013;2;102;4;0
341013;0;102;5;0
341013;0;102;15;0
341013;2;31;4;0
341013;4;31;5;0
341013;4;31;15;0
341013;0;47;4;0
341013;0;47;5;0
341013;0;47;15;0
1082109;41;37;4;0
1082109;41;37;5;0
1082109;40;37;3;0
1082109;27;4;4;0
1082109;26;4;5;0
1082109;27;4;3;0
1162105;0;2;13;0
1162105;1;2;9;0
1162105;1;2;10;0
1162105;1;8;13;0
1162105;0;8;9;0
1162105;0;8;10;0
1162105;0;28;13;0
1162105;0;28;9;0
1162105;0;28;10;0
1162105;4;39;13;0
1162105;4;39;9;0
1162105;4;39;10;0
1162105;4;25;13;0
1162105;6;25;9;0
1162105;5;25;10;0
1162105;1;40;13;0
1162105;0;40;9;0
1162105;0;40;10;0
1162105;0;5;13;0
1162105;0;5;9;0
1162105;0;5;10;0
1162105;0;37;13;0
1162105;0;37;9;0
1162105;0;37;10;0
1162107;3;3;13;0
1162107;8;3;9;0
1162107;7;3;10;0
1162107;2;27;13;0
1162107;0;27;9;0
1162107;17;27;10;0
1162107;6;18;13;0
1162107;14;18;9;0
1162107;15;18;10;0
1162107;14;8;13;0
1162107;0;8;9;0
1162107;3;8;10;0
1162107;6;31;13;0
1162107;9;31;9;0
1162107;6;31;10;0
1162107;10;32;13;0
1162107;9;32;9;0
1162107;3;32;10;0
1162107;3;19;13;0
1162107;0;19;9;0
1162107;3;19;10;0
1162107;2;39;13;0
1162107;2;39;9;0
1162107;1;39;10;0
1162107;1;21;13;0
1162107;12;21;9;0
1162107;12;21;10;0
1162107;21;41;13;0
1162107;18;41;9;0
1162107;12;41;10;0
1162107;0;14;13;0
1162107;0;14;9;0
1162107;0;14;10;0
1162107;25;25;13;0
1162107;18;25;9;0
1162107;35;25;10;0
1162107;3;40;13;0
1162107;0;40;9;0
1162107;5;40;10;0
1162107;4;24;13;0
1162107;0;24;9;0
1162107;0;24;10;0
1162107;9;42;13;0
1162107;0;42;9;0
1162107;4;42;10;0
1162107;2;22;13;0
1162107;0;22;9;0
1162107;0;22;10;0
1162107;0;1;13;0
1162107;2;1;9;0
1162107;1;1;10;0
1162107;32;13;13;0
1162107;32;13;9;0
1162107;29;13;10;0
1162107;9;5;13;0
1162107;7;5;9;0
1162107;65;5;10;0
1162107;4;35;13;0
1162107;2;35;9;0
1162107;73;35;10;0
1162107;7;9;13;0
1162107;7;9;9;0
1162107;12;9;10;0
1162107;4;17;13;0
1162107;0;17;9;0
1162107;4;17;10;0
1162107;3;54;13;0
1162107;2;54;9;0
1162107;1;54;10;0
1162107;6;11;13;0
1162107;6;11;9;0
1162107;4;11;10;0
1162107;9;4;13;0
1162107;5;4;9;0
1162107;0;4;10;0
1162119;0;3;13;0
1162119;0;3;9;0
1162119;0;3;10;0
1162119;0;27;13;0
1162119;12;27;9;0
1162119;0;27;10;0
1162119;0;18;13;0
1162119;0;18;9;0
1162119;0;18;10;0
1162119;0;8;13;0
1162119;0;8;9;0
1162119;0;8;10;0
1162119;0;5;13;0
1162119;19;5;9;0
1162119;0;5;10;0
1162119;4;9;13;0
1162119;0;9;9;0
1162119;2;9;10;0
1232109;42;51;6;0
1232109;42;51;1;0
1232109;43;51;2;0
1232109;16;52;6;0
1232109;17;52;1;0
1232109;16;52;2;0
1292109;3;37;6;0
1292109;2;37;1;0
1292109;4;37;2;0
1292109;6;4;6;0
1292109;3;4;1;0
1292109;0;4;2;0
1302109;21;37;18;0
1302109;20;37;19;0
1302109;20;37;20;0
1302109;9;4;18;0
1302109;8;4;19;0
1302109;6;4;20;0
1322109;57;37;15;0
1322109;58;37;16;0
1322109;66;37;17;0
1322109;44;4;15;0
1322109;39;4;16;0
1322109;44;4;17;0
1332109;1;3;8;0
1332109;1;3;7;0
1332109;0;3;21;0
1332109;0;3;14;0
1332109;0;37;8;0
1332109;0;37;7;0
1332109;0;37;21;0
1332109;0;37;14;0
1412127;5;2;8;0
1412127;6;2;7;0
1412127;4;2;14;0
1412127;2;19;8;0
1412127;0;19;7;0
1412127;0;19;14;0
1412127;35;28;8;0
1412127;32;28;7;0
1412127;36;28;14;0
1412127;9;38;8;0
1412127;0;38;7;0
1412127;7;38;14;0
1422127;42;28;4;0
1422127;61;28;5;0
1422127;62;28;3;0
1422127;40;38;4;0
1422127;19;38;5;0
1422127;35;38;3;0
1442127;28;28;15;0
1442127;30;28;16;0
1442127;28;28;17;0
1442127;30;38;15;0
1442127;31;38;16;0
1442127;31;38;17;0
1452127;2;3;15;0
1452127;0;3;16;0
1452127;0;3;17;0
1452127;8;19;15;0
1452127;32;19;16;0
1452127;32;19;17;0
1452127;4;5;15;0
1452127;4;5;16;0
1452127;3;5;17;0
1462127;0;3;6;0
1462127;0;3;1;0
1462127;0;3;2;0
1462127;17;43;6;0
1462127;22;43;1;0
1462127;18;43;2;0
1552111;13;3;8;0
1552111;6;3;7;0
1552111;0;3;14;0
1552111;8;36;8;0
1552111;7;36;7;0
1552111;8;36;14;0
1552111;0;31;8;0
1552111;0;31;7;0
1552111;0;31;14;0
1552111;0;28;7;0
1552111;0;28;14;0
1552111;0;28;8;0
1552111;0;13;8;0
1552111;0;13;7;0
1552111;0;13;14;0
1552111;0;5;8;0
1552111;0;5;7;0
1552111;0;5;14;0
1552111;5;35;8;0
1552111;5;35;7;0
1552111;5;35;14;0
1552111;0;47;8;0
1552111;0;47;7;0
1552111;0;47;14;0
1552111;0;58;8;0
1552111;0;58;7;0
1552111;0;58;14;0
1552111;0;43;8;0
1552111;0;43;7;0
1552111;0;43;14;0
1552111;0;17;8;0
1552111;0;17;7;0
1552111;0;17;14;0
1552111;0;37;8;0
1552111;0;37;7;0
1552111;0;37;14;0
1552111;0;38;8;0
1552111;0;38;7;0
1552111;0;38;14;0
1572108;0;3;8;0
1572108;0;3;7;0
1572108;0;3;14;0
1572108;0;2;8;0
1572108;0;2;7;0
1572108;0;2;14;0
1572108;0;5;8;0
1572108;0;5;7;0
1572108;0;5;14;0
1572108;0;43;8;0
1572108;0;43;7;0
1572108;1;43;14;0
1572108;0;17;8;0
1572108;0;17;7;0
1572108;0;17;14;0
1602109;7;31;3;0
1602109;7;31;4;0
1602109;7;31;5;0
1602109;0;37;3;0
1602109;0;37;4;0
1602109;0;37;5;0
1612109;9;31;8;0
1612109;6;31;7;0
1612109;1;31;14;0
1612109;1;37;8;0
1612109;0;37;7;0
1612109;0;37;14;0
1622109;9;31;8;0
1622109;8;31;7;0
1622109;6;31;14;0
1622109;13;37;8;0
1622109;14;37;7;0
1622109;13;37;14;0
1632109;29;31;15;0
1632109;29;31;16;0
1632109;27;31;17;0
1632109;15;37;15;0
1632109;15;37;16;0
1632109;14;37;17;0
1692111;9;3;18;0
1692111;0;3;19;0
1692111;10;3;20;0
1692111;5;37;18;0
1692111;0;37;19;0
1692111;0;37;20;0
1702111;0;3;3;0
1702111;0;3;4;0
1702111;0;3;5;0
1702111;0;2;3;0
1702111;0;2;4;0
1702111;0;2;5;0
1702111;0;102;3;0
1702111;2;102;4;0
1702111;0;102;5;0
1702111;0;31;3;0
1702111;0;31;4;0
1702111;0;31;5;0
1702111;0;83;3;0
1702111;0;83;4;0
1702111;0;83;5;0
1702111;0;111;3;0
1702111;0;111;4;0
1702111;0;111;5;0
1702111;0;43;3;0
1702111;0;43;4;0
1702111;0;43;5;0
1702111;0;37;3;0
1702111;0;37;4;0
1702111;0;37;5;0
1702111;0;38;3;0
1702111;0;38;4;0
1702111;0;38;5;0
1712111;0;3;15;0
1712111;0;3;16;0
1712111;0;3;17;0
1712111;4;8;15;0
1712111;5;8;16;0
1712111;4;8;17;0
1712111;0;111;15;0
1712111;0;111;16;0
1712111;0;111;17;0
1712111;0;43;15;0
1712111;0;43;16;0
1712111;0;43;17;0
1712111;1;37;15;0
1712111;1;37;16;0
1712111;3;37;17;0
1712111;0;38;15;0
1712111;0;38;16;0
1712111;0;38;17;0
1722111;0;3;6;0
1722111;0;3;1;0
1722111;5;3;2;0
1722111;0;27;6;0
1722111;0;27;1;0
1722111;0;27;2;0
1722111;3;8;6;0
1722111;2;8;1;0
1722111;1;8;2;0
1722111;0;111;6;0
1722111;0;111;1;0
1722111;0;111;2;0
1722111;0;25;6;0
1722111;0;25;1;0
1722111;0;25;2;0
1722111;0;17;6;0
1722111;0;17;1;0
1722111;0;17;2;0
1722111;1;37;6;0
1722111;0;37;1;0
1722111;1;37;2;0
1722111;0;38;6;0
1722111;0;38;1;0
1722111;0;38;2;0
1732127;26;36;3;0
1732127;29;36;4;0
1732127;27;36;5;0
1822111;0;3;5;0
1822111;0;3;15;0
1822111;0;3;16;0
1822111;0;43;5;0
1822111;0;43;15;0
1822111;0;43;16;0
1832127;0;3;3;0
1832127;0;3;4;0
1832127;0;3;5;0
1832127;0;3;14;0
1832127;0;3;3;0
1832127;0;3;4;0
1832127;0;3;5;0
1832127;0;61;3;0
1832127;0;61;4;0
1832127;0;61;5;0
1832127;0;19;3;0
1832127;0;19;4;0
1832127;0;19;5;0
1832127;0;21;14;0
1832127;0;21;3;0
1832127;0;21;4;0
1832127;0;21;5;0
1832127;0;25;3;0
1832127;0;25;4;0
1832127;0;25;5;0
1832127;0;17;3;0
1832127;1;17;4;0
1832127;0;17;5;0
1832127;10;17;14;0
1832127;12;17;3;0
1832127;12;17;4;0
1832127;13;17;5;0
1832127;5;37;14;0
1832127;7;37;3;0
1832127;6;37;4;0
1832127;5;37;5;0
1832127;1;4;14;0
1832127;2;4;3;0
1832127;2;4;4;0
1832127;2;4;5;0
1832127;0;23;3;0
1832127;0;23;4;0
1832127;0;23;5;0
1852127;0;3;6;0
1852127;0;3;1;0
1852127;0;3;2;0
1852127;12;17;6;0
1852127;12;17;1;0
1852127;12;17;2;0
1852127;15;37;6;0
1852127;15;37;1;0
1852127;14;37;2;0
1862127;0;3;3;0
1862127;1;3;4;0
1862127;0;3;5;0
1862127;0;61;3;0
1862127;0;61;4;0
1862127;0;61;5;0
1862127;1;21;3;0
1862127;1;21;4;0
1862127;1;21;5;0
1862127;13;17;3;0
1862127;11;17;4;0
1862127;10;17;5;0
1872127;1;3;15;0
1872127;0;3;16;0
1872127;0;3;17;0
1872127;0;61;15;0
1872127;0;61;16;0
1872127;0;61;17;0
1872127;3;21;15;0
1872127;3;21;16;0
1872127;3;21;17;0
1872127;45;17;15;0
1872127;43;17;16;0
1872127;45;17;17;0
1882127;2;3;6;0
1882127;1;3;1;0
1882127;2;3;2;0
1882127;0;61;6;0
1882127;0;61;1;0
1882127;2;61;2;0
1882127;9;21;6;0
1882127;9;21;1;0
1882127;9;21;2;0
1882127;7;17;6;0
1882127;6;17;1;0
1882127;7;17;2;0
1892127;23;2;3;0
1892127;0;17;3;0
1892127;0;17;4;0
1892127;0;17;5;0
1892127;0;37;3;0
1892127;0;37;4;0
1892127;0;37;5;0
1952135;2;82;3;0
1952135;8;82;4;0
1952135;0;82;5;0
1962135;0;82;15;0
1962135;0;82;16;0
1962135;0;82;17;0
1982135;2;82;8;0
1982135;4;82;7;0
1982135;2;82;14;0
2022111;0;3;8;0
2022111;0;3;7;0
2022111;0;3;14;0
2022111;3;31;8;0
2022111;3;31;7;0
2022111;2;31;14;0
2022111;0;84;8;0
2022111;0;84;7;0
2022111;1;84;14;0
2062111;15;3;18;0
2062111;15;3;19;0
2062111;14;3;20;0
2062111;7;31;18;0
2062111;7;31;19;0
2062111;6;31;20;0
2062111;23;68;18;0
2062111;23;68;19;0
2062111;22;68;20;0
2072111;0;3;6;0
2072111;5;3;1;0
2072111;11;3;2;0
2082111;24;3;1;0
2082111;25;3;2;0
2082111;24;3;18;0
2082111;23;81;1;0
2082111;25;81;2;0
2082111;24;81;18;0
2172111;24;3;1;0
2172111;26;3;2;0
2172111;26;3;18;0
2172111;20;68;1;0
2172111;22;68;2;0
2172111;20;68;18;0
2182128;26;3;15;0
2182128;26;3;16;0
2182128;26;3;17;0
2182128;54;86;15;0
2182128;53;86;16;0
2182128;54;86;17;0
2182128;113;90;15;0
2182128;112;90;16;0
2182128;114;90;17;0
2192128;26;3;6;0
2192128;26;3;1;0
2192128;26;3;2;0
2192128;53;86;6;0
2192128;52;86;1;0
2192128;56;86;2;0
2192128;113;90;6;0
2192128;101;90;1;0
2192128;112;90;2;0
2202128;21;86;18;0
2202128;21;86;19;0
2202128;20;86;20;0
2202128;37;90;18;0
2202128;37;90;19;0
2202128;38;90;20;0
602128;9;4;18;0
602128;2;4;19;0
602128;1;17;18;0
602128;2;17;19;0
602128;2;17;20;0
602128;0;17;30;0
602128;1;4;20;0
Ñ‘